Metric,Value
accuracy,0.6700796359499431
precision,0.683076923076923
recall,0.8409090909090909
f1,0.7538200339558573
auc,0.6884011050677717
logloss,0.6189253971482652
